Коммунарка,Чай
Ольховая,Чай
Прокшино,Чай
Филатов Луг,Чай
Саларьево,Чай
Румянцево,Чай
Тропарёво,Чай
Юго-Западная,Чай
Проспект Вернадского,Чай
Университет,Чай
Воробьёвы горы,Чай
Спортивная,Чай
Фрунзенская,Чай
Парк культуры,Чай
Кропоткинская,Чай
Библиотека имени Ленина,Кофе
Охотный Ряд,Кофе
Лубянка,Кофе
Чистые пруды,Кофе
Красные Ворота,Кофе
Комсомольская,Кофе
Красносельская,Кофе
Сокольники,Кофе
Преображенская площадь,Кофе
Черкизовская,Кофе
Бульвар Рокоссовского,Кофе
Алма-Атинская,Кофе
Красногвардейская,Кофе
Домодедовская,Кофе
Орехово,Кофе
Царицыно,Кофе
Кантемировская,Кофе
Каширская,Кофе
Коломенская,Кофе
Технопарк,Кофе
Автозаводская,Кофе
Павелецкая,Кофе
Новокузнецкая,Кофе
Театральная,Кофе
Тверская,Кофе
Маяковская,Чай
Белорусская,Чай
Динамо,Кофе
Аэропорт,Кофе
Сокол,Кофе
Войковская,Кофе
Водный стадион,Кофе
Речной вокзал,Кофе
Беломорская,Чай
Ховрино,Кофе
Щёлковская,Кофе
Первомайская,Кофе
Измайловская,Кофе
Партизанская,Кофе
Семёновская,Кофе
Электрозаводская,Кофе
Бауманская,Кофе
Курская,Кофе
Площадь Революции,Кофе
Арбатская,Кофе
Киевская,Кофе
Парк Победы,Кофе
Славянский бульвар,Кофе
Кунцевская,Кофе
Молодёжная,Кофе
Крылатское,Кофе
Строгино,Кофе
Мякинино,Кофе
Волоколамская,Кофе
Митино,Кофе
Пятницкое шоссе,Кофе
Кунцевская.1,Кофе
Пионерская,Кофе
Филёвский парк,Кофе
Багратионовская,Кофе
Фили,Кофе
Кутузовская,Кофе
Студенческая,Кофе
Международная,Кофе
Выставочная,Кофе
Киевская.1,Кофе
Смоленская,Кофе
Арбатская.1,Кофе
Александровский сад,Кофе
Белорусская.1,Кофе
Новослободская,Кофе
Проспект Мира,Кофе
Комсомольская.1,Кофе
Курская.1,Кофе
Таганская,Кофе
Павелецкая.1,Кофе
Добрынинская,Кофе
Октябрьская,Кофе
Парк культуры.1,Кофе
Киевская.2,Кофе
Краснопресненская,Кофе
Новоясеневская,Кофе
Ясенево,Кофе
Тёплый Стан,Кофе
Коньково,Кофе
Беляево,Кофе
Калужская,Кофе
Новые Черёмушки,Кофе
Профсоюзная,Кофе
Академическая,Кофе
Ленинский проспект,Кофе
Шаболовская,Кофе
Октябрьская.1,Кофе
Третьяковская,Кофе
Китай-город,Кофе
Тургеневская,Кофе
Сухаревская,Кофе
Проспект Мира.1,Кофе
Алексеевская,Кофе
ВДНХ,Кофе
Ботанический сад,Кофе
Свиблово,Кофе
Бабушкинская,Кофе
Медведково,Кофе
Котельники,Кофе
Жулебино,Кофе
Лермонтовский проспект,Кофе
Выхино,Кофе
Рязанский проспект,Кофе
Кузьминки,Кофе
Текстильщики,Кофе
Волгоградский проспект,Кофе
Пролетарская,Кофе
Таганская.1,Кофе
Китай-город.1,Кофе
Кузнецкий Мост,Кофе
Пушкинская,Кофе
Баррикадная,Кофе
Улица 1905 года,Кофе
Беговая,Кофе
Полежаевская,Кофе
Октябрьское Поле,Кофе
Щукинская,Кофе
Спартак,Кофе
Тушинская,Кофе
Сходненская,Кофе
Планерная,Кофе
Новокосино,Кофе
Новогиреево,Кофе
Перово,Кофе
Шоссе Энтузиастов,Кофе
Авиамоторная,Кофе
Площадь Ильича,Кофе
Марксистская,Кофе
Третьяковская.1,Кофе
Рассказовка,Кофе
Новопеределкино,Кофе
Боровское шоссе,Кофе
Солнцево,Кофе
Говорово,Кофе
Озёрная,Кофе
Мичуринский проспект,Кофе
Раменки,Кофе
Ломоносовский проспект,Кофе
Минская,Кофе
Парк Победы.1,Кофе
Шелепиха,Кофе
Хорошёвская,Кофе
ЦСКА,Кофе
Петровский парк,Кофе
Савёловская,Кофе
Алтуфьево,Кофе
Бибирево,Кофе
Отрадное,Кофе
Владыкино,Кофе
Петровско-Разумовская,Кофе
Тимирязевская,Кофе
Дмитровская,Кофе
Савёловская.1,Кофе
Менделеевская,Кофе
Цветной бульвар,Кофе
Чеховская,Кофе
Боровицкая,Кофе
Полянка,Кофе
Серпуховская,Кофе
Тульская,Чай
Нагатинская,Чай
Нагорная,Чай
Нахимовский проспект,Чай
Севастопольская,Чай
Чертановская,Чай
Южная,Кофе
Пражская,Чай
Улица Академика Янгеля,Кофе
Аннино,Кофе
Бульвар Дмитрия Донского,Кофе
Зябликово,Кофе
Шипиловская,Кофе
Борисово,Кофе
Марьино,Кофе
Братиславская,Кофе
Люблино,Кофе
Волжская,Кофе
Печатники,Кофе
Кожуховская,Кофе
Дубровка,Кофе
Крестьянская Застава,Кофе
Римская,Кофе
Чкаловская,Кофе
Сретенский бульвар,Кофе
Трубная,Кофе
Достоевская,Кофе
Марьина Роща,Кофе
Бутырская,Кофе
Фонвизинская,Кофе
Петровско-Разумовская.1,Кофе
Окружная,Кофе
Верхние Лихоборы,Кофе
Селигерская,Кофе
Деловой центр,Кофе
Шелепиха.1,Кофе
Хорошёвская.1,Кофе
ЦСКА.1,Кофе
Петровский парк.1,Кофе
Савёловская.2,Кофе
Бунинская Аллея,Кофе
Улица Горчакова,Кофе
Бульвар Адмирала Ушакова,Кофе
Улица Скобелевская,Кофе
Улица Старокачаловская,Кофе
Лесопарковая,Кофе
Битцевский парк,Кофе
Некрасовка,Кофе
Лухмановская,Кофе
Улица Дмитриевского,Кофе
Косино,Кофе
Юго-Восточная,Кофе
Окская,Чай
Стахановская,Кофе
Нижегородская,Кофе
Авиамоторная.1,Кофе
Лефортово,Кофе
